Number of Elements (n)	 Time (sec) 
10000	0.0002424
1500000	0.0300289
5000000	0.0986431
10000000	0.200956
15000000	0.292784
20000000	0.388241
25000000	0.48663
30000000	0.580255
